IMG_0073	2024:09:26 18:45:43
IMG_0133	2024:10:12 00:05:10
IMG_0124	2024:10:08 22:47:54
IMG_0130	2024:10:10 22:27:23
IMG_0079	2024:09:27 21:04:24
IMG_0142	2024:10:15 00:15:43
IMG_0125	2024:10:10 00:58:32
IMG_0141	2024:10:15 00:15:43
IMG_0147	2024:10:18 00:56:22
IMG_0143	2024:10:15 22:51:02
IMG_0145	2024:10:16 23:37:21
IMG_0164	2024:10:23 23:33:18
IMG_0152	2024:10:22 21:56:09
IMG_0173	2024:10:24 23:25:51
IMG_0161	2024:10:22 21:58:16
IMG_0176	2024:10:30 00:19:42
IMG_0177	2024:11:01 00:57:16
IMG_0188	2024:11:07 00:49:59
IMG_0182	2024:11:03 23:42:38
IMG_0192	2024:11:07 23:50:24
IMG_0200	2024:11:13 00:06:06
IMG_0193	2024:11:09 00:29:47
IMG_0202	2024:11:13 23:44:21
IMG_0203	2024:11:13 23:45:04
IMG_0209	2024:11:16 00:03:08
IMG_0208	2024:11:16 00:03:01
IMG_0205	2024:11:15 00:59:23
IMG_0227	2024:11:19 23:27:56
IMG_0226	2024:11:19 23:27:46
IMG_0228	2024:11:21 00:14:08
IMG_0229	2024:11:21 00:14:22
IMG_0231	2024:11:21 23:22:35
IMG_0232	2024:11:21 23:22:40
IMG_0233	2024:11:23 01:01:44
IMG_0234	2024:11:23 01:02:04
IMG_0235	2024:11:26 00:44:33
IMG_0236	2024:11:26 23:45:13
IMG_0239	2024:11:27 21:02:50
IMG_0243	2024:11:30 01:17:34
IMG_0252	2024:12:04 01:02:23
IMG_0257	2024:12:06 00:18:38
IMG_0255	2024:12:05 00:02:44
IMG_0307	2024:12:11 19:13:04
IMG_0309	2024:12:12 23:29:54
IMG_0310	2024:12:13 21:52:00
IMG_0317	2024:12:19 22:57:35
IMG_0312	2024:12:16 19:41:23
IMG_0315	2024:12:18 17:15:36
IMG_0319	2024:12:21 00:11:56
IMG_0328	2024:12:25 00:20:35
IMG_0323	2024:12:23 17:29:11
IMG_0329	2024:12:25 15:33:58
IMG_0351	2025:01:09 17:20:02
IMG_0332	2025:01:02 15:56:55
IMG_0335	2025:01:08 00:14:09
IMG_0386	2025:01:20 22:13:21
IMG_0367	2025:01:14 19:25:50
IMG_0387	2025:01:22 21:12:47
IMG_0388	2025:01:23 22:29:57
IMG_0390	2025:01:24 20:41:06
IMG_0396	2025:01:30 00:13:31
IMG_0416	2025:02:05 00:28:01
IMG_0394	2025:01:28 20:21:06
IMG_0403	2025:01:30 19:47:30
IMG_0435	2025:02:07 01:17:13
IMG_0439	2025:02:11 20:40:49
IMG_0441	2025:02:13 22:47:27
IMG_0444	2025:02:15 01:52:19
IMG_0450	2025:02:17 17:17:39
IMG_0458	2025:02:20 20:27:22
IMG_0454	2025:02:19 19:44:13
IMG_0456	2025:02:20 19:47:56
IMG_0483	2025:03:04 23:47:19
IMG_0480	2025:02:26 22:38:58
IMG_0491	2025:03:08 00:01:29
IMG_0489	2025:03:06 01:39:00
IMG_0495	2025:03:12 00:50:10
IMG_0502	2025:03:19 01:06:49
IMG_0496	2025:03:13 20:11:17
IMG_0508	2025:03:20 22:15:55
IMG_0520	2025:03:26 22:58:28
IMG_0511	2025:03:22 01:24:17
IMG_0537	2025:03:29 00:24:28
IMG_0540	2025:04:02 00:20:58
IMG_0543	2025:04:05 00:27:35
IMG_0558	2025:04:09 00:36:24
IMG_0566	2025:04:15 22:45:50
IMG_0542	2025:04:02 17:07:03
IMG_0562	2025:04:10 23:18:56
IMG_0568	2025:04:17 00:06:29
IMG_0569	2025:04:18 00:24:56
IMG_0582	2025:04:22 23:36:08
IMG_0775	2025:05:02 01:42:11
IMG_0586	2025:04:24 00:10:50
IMG_0714	2025:04:30 02:13:10
IMG_0603	2025:04:26 01:42:38
IMG_0570	2025:04:18 12:11:25
IMG_0849	2025:05:03 00:43:28
IMG_0876	2025:05:07 02:08:58
IMG_0878	2025:05:07 17:23:06
IMG_1007	2025:05:09 15:12:03
IMG_1081	2025:05:14 01:52:28
IMG_1092	2025:05:17 01:02:31
IMG_1090	2025:05:16 01:11:41
IMG_0882	2025:05:08 22:14:52
IMG_7894	2024:06:19 20:21:29
IMG_7904	2024:06:25 22:03:16
IMG_7905	2024:06:25 22:03:18
IMG_7898	2024:06:21 23:58:22
IMG_8046	2024:07:16 19:14:05
IMG_8059	2024:07:18 22:36:50
IMG_7990	2024:07:12 22:36:15
IMG_7960	2024:07:10 20:55:16
IMG_7939	2024:07:04 00:32:30
IMG_8062	2024:07:20 00:41:11
IMG_8069	2024:07:23 22:45:27
IMG_9627	2024:08:01 17:13:07
IMG_9633	2024:08:08 21:34:52
IMG_9639	2024:08:14 18:10:44
IMG_9635	2024:08:09 21:19:02
IMG_9638	2024:08:14 01:23:42
IMG_9632	2024:08:06 19:57:11
IMG_9656	2024:08:28 00:28:31
IMG_9654	2024:08:26 20:07:54
IMG_9644	2024:08:20 17:45:32
IMG_9658	2024:08:28 20:47:26
IMG_9661	2024:08:30 20:08:52
IMG_9667	2024:09:04 00:51:08
IMG_9663	2024:09:03 02:11:52
IMG_9659	2024:08:29 21:05:59
IMG_9668	2024:09:05 22:47:29
IMG_9683	2024:09:10 23:51:07
IMG_9768	2024:09:16 19:30:18
